	0	1	2	3	4
0	AC007358.1	RP11-661C8.3	MIR3137	IDI2-AS1	AC245028.1
1	RP11-8L8.2	MRPL40	CEP41	AL138721.1	AC004980.11
2	PRR11	RP11-110J1.2	RN7SL869P	ITPA	RP11-38O23.3
3	VAMP4	USP5	UGT2B29P	RNU1-28P	USP17L14P
4	MRPL15	WBSCR17	RNU6-382P	RP11-412H8.2	FAM47C
5	RP11-732A19.1	CMTM1	SDHDP2	RN7SL110P	CNGA2
6	PPP1R14BP2	CCDC84	RNU6ATAC38P	ZNF736P1Y	ASB16-AS1
7	STK17A	KRT73-AS1	WNT1	PMVK	RP11-792A8.1
8	AC005105.2	FCRL3	RP11-417B4.2	RP4-612C19.2	LILRB3
9	TMED7	CYP2G2P	AC009299.3	AFF3	CTD-2007F2.1
10	PLEKHA2	AC092174.1	RN7SL269P	RP5-884C9.3	HSFX1
11	TECRL	RN7SL728P	TRPC7-AS2	C11orf44	HSPE1P11
12	VBP1	RP11-310H4.6	RP11-310H4.6	MIR3713	RP11-275F13.3
13	MOGAT3	RP11-403B2.5	CFAP126	LAGE3	ZNF780A
14	CSRP2	RNA5SP287	RP11-38H17.1	TRPC7-AS2	USP46
15	ARF1	NACAP3	TRBV15	GRIN2B	RP11-70D24.3
16	CH17-53B9.2	AC110754.3	GAPDHP22	RP11-154H23.5	RP11-90H3.2
17	PLCB4	DDX39BP2	AL049798.1	ABCD1P3	DPY19L2P2
18	NDUFA13	ACTBP12	RP11-382M14.1	RP11-667M19.2	IFNA16
19	AC018634.9	HMGB1P38	ASLP1	RP11-157I4.4	RP11-474D1.1
20	RP13-824C8.2	RP11-522L3.9	RPUSD4	RP11-478B9.2	CRYBA4
21	RP11-386O9.2	TRBV11-1	RP11-136B18.2	GPBP1	RNU2-56P
22	POTEB3	OTUD5	YBX1P3	IGHV5-78	RP11-279L11.1
23	AC011385.1	NDUFA13	LINC00184	AC034228.2	UTF1
24	FAM138A	MIR5708	OR9G2P	NPSR1	SUB1P3
25	AC104088.1	RN7SL156P	AL157823.1	RP11-280O1.2	LPPR2
26	ELOVL5	TRAV14DV4	C18orf25	KRT18P2	LA16c-312E8.2
27	OR52H1	TEX43	FAM197Y1	RP11-290L1.3	MIR223
28	MIR6821	RP11-105C19.2	MBD2	RP4-730D4.1	FAM110D
29	MIR497HG	LMAN2L	ZNF90P1	TYW3	MIR328
30	bP-2189O9.2	GS1-124K5.13	DMTF1	SERPINA2	PAQR8
31	RP11-730N24.2	AL357874.1	AP001187.9	RP11-313P13.3	RP11-474I11.7
32	RN7SKP30	PLD3	AP000253.1	ZNF211	EPHX3
33	RAB10	GFRA1	RPARP-AS1	CTC-493P15.2	MEAF6P1
34	OGFOD3	LINC00564	AL161935.1	AC119751.4	MTND6P1
35	AP001205.1	RN7SKP30	SMIM18	MIR497HG	RP1-167F1.2
36	S100A7A	ARHGAP39	RPL17P35	EEF1A1P42	RP11-227D13.4
37	SULT1A2	CTD-2561B21.5	RP3-509L4.3	BANF1P5	MIR371A
38	SKP1P1	RPARP-AS1	NDUFA5P4	RP11-238F2.1	AC010731.3
39	RP11-670E13.5	UBE2H	CTD-2215E18.3	IPO5	FOXD4L5
40	ALPL	RHBDF1	H2AFJ	SULT1A2	RP11-433O3.1
41	CCDC134	RP11-259G18.1	URGCP	ATMIN	RP11-20D14.6
42	ZNF708	DLEU2_5	LINC01315	RHOA	CENPF
43	ZAN	MIR4470	SLCO1B7	PCNPP1	RN7SL824P
44	C2orf47	NINL	LHX9	H2AFJ	C19orf57
45	ZNF611	NCAM1	RP11-13M3.1	NTAN1P3	LINC01029
46	ZNF597	RP11-301L8.2	MTCH1	ADAMTS7P1	AC091321.1
47	RP11-297M9.1	SLC22A2	SMARCD3	SPCS2	MTND6P5
48	RP11-74K11.1	CDY20P	RP4-591L5.2	RP5-1056H1.2	PTPRK
49	GINS4	CTD-2140B24.6	KRTAP13-3	PBDC1	FANCG
50	TBL1Y	ZNF143	RP11-377H23.1	MIR564	RP11-58C22.2
51	RP11-319G9.3	RN7SL423P	SQRDL	EXOSC5	RP11-807H22.6
52	UNC5D	TGFB3	RP11-347D21.2	RNU6-328P	RP11-90C4.1
53	RP11-460N20.5	FOLH1	OTULIN	CTC-461H2.2	RP11-252P18.1
54	RP11-83B20.1	AL021326.1	RP11-191L17.1	RNU6ATAC12P	SNX29P1
55	ZNF146	ASF1B	RP11-431J24.2	RNU4ATAC8P	RNU6ATAC2P
56	EPS15P1	SLC2A3	PHAX	RPL3P8	RP1-202O8.2
57	PGBD4P5	RP11-472F21.1	WDFY3	TTC19	GPAA1P2
58	SNORA54	GTF2H2C	RP11-5P4.1	RP11-319G9.3	RP11-315F22.1
59	MIR6868	RP1-92C4.2	ATP1B1P1	RP11-347D21.2	AC004006.2
60	SCGB3A1	AC068533.1	SPATA31E1	RNU6-952P	PHACTR3
61	SLC7A10	KNOP1	RP11-1217F2.9	CTD-2035E11.3	KRT81
62	SNX20	WT1-AS_8	GGTLC1	ZNF29P	RP11-362A1.2
63	RP11-372M18.1	RP11-191L17.1	KIF3A	PGBD4P5	ERCC5
64	RP11-370I10.11	SDCCAG3P1	RP11-136I13.1	CHIT1	AC010745.3
65	RP11-307L14.1	TANC2	ZNF707	LINC01203	RRAGD
66	RP4-800F24.1	PKNOX2-AS1	CCDC175	TRAV10	DUX4L18
67	RP11-379I19.1	IMMP2L	LAMTOR2	CTD-2298J14.2	RP4-756H11.5
68	RP11-18O11.1	RP11-1000B6.8	RP11-196G11.6	SNORD105B	AC009060.2
69	AL161784.1	RP11-423P10.2	RP11-387A1.6	IZUMO4	VAC14-AS1
70	WFDC6	RP11-428L21.2	RP5-963E22.5	RBM5	RP1-60G11.1
71	ATP12A	MIR7-2	ARHGEF26-AS1	CSF3	BBOX1-AS1
72	MLLT10P2	RP1-41C23.1	MIR4666A	TSPAN9-IT1	RP11-16P20.4
73	PCDHA6	GAS8	CTB-41I6.1	SPIC	RNU6-682P
74	RP5-1170D6.1	AL034395.1	OPA3	RP11-192C21.2	RP3-323P24.3
75	RP11-100K18.1	SPINK9	STYX	RP11-285C1.2	VGLL2
76	NPAS4	LRRC37A6P	SNRPCP18	TUBBP5	AC005519.4
77	CCDC107	RP11-226M10.3	IMP3P2	WFDC6	KB-1572G7.3
78	RNU6-81P	CAMTA2	RASSF7	RP11-656G20.1	TAF5
79	RP11-337N6.3	RN7SL255P	SUGT1P	FLJ40194	AC005757.7
80	TRIM51JP	RPL17P2	RP11-167N4.4	LRRC37A6P	PRSS3
81	RP4-682C21.2	TBL3	CATSPERG	UNC93B8	PLBD1
82	CLUHP1	AC007787.2	ZFY-AS1	RP11-299A16.1	RP11-272B17.1
83	RP11-85D18.1	SCRG1	RP11-440D17.6	RP11-322D14.2	MAST4-IT1
84	RP11-760L24.1	MIR4435-1HG	MT1F	AC010975.1	AC091856.1
85	ENPP7P3	STMN4	RP11-170L3.2	TMEM68	RP11-170L3.2
86	RN7SL738P	WDR5	CTD-2527I21.15	AC007795.1	OXCT2P1
87	ZNF485	RNU6-1281P	RP11-10K17.3	LINC00554	CTD-2272D18.1
88	PXK	RP11-474P12.3	RP11-283G6.3	CTD-2138O14.1	RPL32
89	PDCD6	RN7SL738P	SNX29	RP11-848P1.7	RP11-475D12.1
90	RP11-864I4.4	ZBTB46-AS1	CTB-31O20.6	TCTE3	RP11-347C12.10
91	DNAJB4	AC010975.1	AC012074.2	RP11-568A7.2	CTD-2215E18.2
92	CTD-2516F10.2	PRKAG2-AS1	SLC25A24P2	MIR200B	CYS1
93	NAA16	RP11-774O3.3	RP11-146N23.1	MIR615	ATP5L
94	BNIP3P38	CTD-2197I11.1	CTC-235G5.1	AC128677.3	CTB-31O20.6
95	MYH10	ZBED1P1	GS1-174L6.4	RP4-712E4.1	RNF217-AS1
96	IZUMO1	VCPIP1	AL589988.1	ZFY-AS1	AC114788.1
97	AJ271736.1	AC004453.1	RP11-611L7.3	TRAJ53	ATP5G2P3
98	KRT19P3	FAM188B	AL445199.1	TICRR	RPS7P8
99	SAMD11P1	AL138935.1	GFM2	KNOP1P2	RP11-778D9.13
100	HLA-DPB1	IGHV3-76	CLCP2	DLG1	NAMPTP3
101	LL22NC03-33B6.4	RP11-130L8.2	FFAR1	RP11-196H14.2	AC078816.1
102	RP11-131K5.2	RP5-884M6.1	MIR4746	RBM45	GS1-174L6.4
103	RP11-562F9.3	CT47A5	IL18RAP	RP11-148B18.3	RN7SKP56
104	MAATS1	UGT3A2	RPL36	RP11-612B6.2	CLNS1AP1
105	CTC-235G5.1	RP4-551N11.1	HSPE1P2	LOC100421166	STARD8
106	COX8C	AC002366.1	MIR518E	CTD-2308B18.1	PATL2
107	SLFN13	PDE3B	CTA-929C8.5	WFIKKN1	RNA5SP198
108	RNU6-1081P	COMMD9	AC144634.1	RP11-434C1.2	TCP11X3P
109	MAGEB6P1	LOXHD1	MIR7152	HTRA4	SHF
110	RP11-411H5.1	RP11-196H14.2	HAUS4P1	RNA5SP300	IRF1
111	RNU6-1274P	PGBD4P7	RP11-56O18.1	RFPL4AP5	EVC
112	RPL5P27	CTC-347C20.2	TACC1	ZNF330	RP13-497K6.1
113	RP11-81A1.4	RP11-573M3.5	RP13-653N12.2	RNU6-1018P	RP11-332E4.1
114	snoZ6	ZNF385D	ZNF362	SMIM17	RPS4XP21
115	RPPH1-2P	RAD51AP2	B3GNTL1	BTC	RP11-685A21.1
116	RPS18P13	AC107020.1	AC114498.1	MIR4691	EPHA10
117	RNU6-1053P	KRT18P65	MASP2	RNU4-48P	RP11-195B17.1
118	AAAS	RP11-688G15.3	RP11-617D20.2	UGT2B4	RP11-424D14.1
119	RNU6-377P	ATP5G2P3	PSKH2	RP11-45P15.4	ALDOAP1
120	CTD-2345M20.2	CTD-2210A23.1	RP11-91P24.1	FGF23	CTD-2002J20.1
121	CTB-57H20.1	NEUROD2	BMS1P1	TNRC18P3	RP11-864J10.4
122	AP001350.4	RNU6-1018P	HIST1H2AG	RP11-644L4.1	RP11-819M15.2
123	CTB-60B18.6	SRSF1P1	AC019171.1	LYZL1	AL589843.1
124	RP11-135J2.3	NAMPTP3	RP11-440K22.1	RP11-463J17.2	RP5-1132H15.2
125	ANKRD30BP3	ST6GALNAC6	RP11-497J7.1	GBX2	OR6F1
126	RP11-3K24.1	RNU4-48P	KIF26B	RP11-415A20.1	SPP2
127	AC018866.1	OBP2B	ZNF593	RP11-421L21.3	ADCK3
128	RP11-599B13.9	TLR2	AC079305.11	ADAM28	FBXO46
129	SCARA5	C4BPB	RP11-267C16.2	RP5-1033K19.2	RN7SKP157
130	RP11-349E4.1	GOLGA8G	ETV2	PDCL	RNU6-567P
131	TIPRL	AL023806.1	RP11-619I22.1	CLK1	TEX36
132	RNY4P17	AC069181.1	RP11-753H16.5	RNU6-8	LL22NC01-81G9.3
133	MIR548J	SARM1	MIR876	COPS8P3	C18orf54
134	RP13-225O21.5	RP11-356C4.3	PLCD4	PRIM2	DSCR4-IT1
135	KLHDC3	RP11-466F5.9	LINC01581	RNA5SP206	SLC6A10P
136	AC008281.1	RNU1-128P	IGKV2D-10	AC087651.1	AC012671.1
137	TUB	AP000568.2	LA16c-306E5.2	RARRES2P1	TMED7-TICAM2
138	RNA5SP345	LINC01507	CTD-2124B8.2	TNFSF10	KIF27
139	RP11-138E16.1	EGF	RP11-73K9.3	DCTN3	KIF28P
140	MAPK6PS3	RP11-734K21.3	RP11-35N6.1	AC004054.1	AC099796.1
141	CMB9-22P13.2	MUC5B	RNU6-806P	CYTH1	BCL7A
142	TRBV19	ATP8A2P3	RNU7-106P	AC010731.6	AC079305.5
143	EPPIN	AC009960.4	RLF	AC016912.3	OR4C1P
144	LCE1E	PLSCR5-AS1	AC006946.17	KB-1410C5.4	GPR125
145	AL590684.1	RP1-197J16.1	MIR208A	SRMP2	AL133228.1
146	KRT8P21	LA16c-359F1.1	AC147651.5	NKAIN2	RP11-34P13.14
147	FABP5P7	RP11-195B17.1	AC007528.1	LINC00337	FKBP5
148	ALAS2	RP11-818F20.5	GOT2	SPP2	RP11-685M7.5
149	BUB3	CTC-281F24.3	AC092798.2	DUT	CTD-3035K23.7
150	RP1-74B13.2	HMGXB4	AC231645.1	ZNF506	LA16c-83F12.6
151	ZNF192P1	RP11-789C1.1	RP11-280H21.1	RP11-442O18.2	RP11-749H20.2
152	PCOLCE2	AC008072.1	LINC01102	TTTY11	RP11-61G24.1
153	OR4G2P	FADS6	CCDC169	CTD-2506P8.6	HSP90B3P
154	KIFC1	MIR490	ARHGAP28	TTTY20	RP5-1053E7.3
155	CRYBG3	MT-ND6	RBMXP1	BCRP2	RP11-748H22.1
156	AC002075.3	GALNT15	ZNF655	UBE2O	MYCBP2-AS1
157	AC022819.1	MEFV	DAPP1	AL365502.1	RP11-763E3.1
158	RP11-152C15.1	PDZK1	RNU4-39P	RP11-1260E13.1	LINC00176
159	RP11-558A11.2	AC027281.1	RP13-16H11.5	RN7SKP99	GPR183
160	CRIP2	RP11-685B13.2	PROZ	C16orf52	RP11-337C18.9
161	RP11-534L6.2	TIPRL	NBPF6	RP11-638I8.1	CYCSP30
162	MIR6804	AC110813.1	ERCC6L2	RP11-51P8.1	SPATA6
163	RNU6-1283P	OPN3	CTD-2538C1.2	SCG3	RP11-303E16.8
164	AC007551.1	TRAV38-2DV8	TMEM108	OR5B10P	ZNF620
165	PPAPDC2	RP11-228O6.2	ZNF266	RP11-54A9.1	SERINC2
166	AP006477.1	RNU6-869P	CCDC42B	PABPC1L2B-AS1	RNU6-780P
167	RPS8	SERPINC1	CRACR2B	ATN1	RP11-488I20.8
168	RP11-640M9.4	LRRC4	RNF19BPY	AL138706.1	HMGB4
169	RP11-354I13.1	RNA5SP88	RP11-846F4.9	RP11-936I5.1	RP11-494H4.3
170	GTF2IRD1	KB-1254G8.1	LMO7-AS1	RP11-946L16.2	SMG5
171	RP11-475D10.5	AP001062.8	RP11-248I9.2	SNORA1	RP11-909N17.2
172	RP11-313P18.2	RP11-388E23.3	IBA57	CHST12	SLC25A51P2
173	TRMT10C	WI2-3308P17.2	CTD-2639E6.4	RP11-109P14.8	RP11-139K1.2
174	XXyac-YM21GA2.4	LA16c-306E5.2	MESTP2	PRR23D1	DNM3-IT1
175	MIR3199-2	HIST2H2AB	ZNF33B	AC018717.2	RP11-378N18.1
176	RNU7-20P	DCST1	RP11-479G22.7	RP11-374P20.4	LINC00960
177	IGHV3-6	ULK4P2	PIGT	EXOC8	IFIT2
178	TSSK2	CTD-2562J17.4	DHX9	PPP3CA	RP11-264B14.2
179	MRVI1-AS1	RUVBL1-AS1	RP11-801G16.2	C19orf18	SLU7
180	MIR4257	RNA5SP163	MRPL53	RPS26P13	CTD-2135D7.3
181	APOC1	CTD-2284J15.1	RNU6-524P	RP11-196I18.3	CTC-327F10.5
182	MIR4723	ZNF192P1	RP11-290L1.6	ORMDL2	RANP2
183	NACC2	NTN5	AL583832.1	RP1-169K13.3	EIF4HP1
184	KCNS2	LINC00152	TMEM207	RPS15AP3	RP11-803B1.3
185	EIF3FP3	RP1-74B13.2	FANCA	RP11-534L6.2	NDUFAF4
186	AL138807.1	CT83	CNR2	OPN1MW2	HSPE1P16
187	C1orf68	PAICSP6	RP11-822P1.1	FOSL1	RP5-1185I7.1
188	KHDC3L	TRBV24-1	MIR5701-3	ZNF770	IGHV1-18
189	RN7SKP75	RP11-318I4.1	ARHGAP40	RP11-488L18.8	RP11-556H2.4
190	KRT35	RPS26P13	RP11-102K13.5	RP11-535I24.2	RNU2-5P
191	RCBTB2	RP11-160E2.16	ZBTB38	HIST1H3F	TYRO3P
192	SEZ6L	PHLDB3	RP11-124D2.3	RP11-89H19.2	RNU2-69P
193	RP11-428G2.1	CH507-154B10.1	CTD-2017F17.2	AC018816.1	RP11-66N11.8
194	RP11-304M2.5	TMEM204	RP11-311H10.7	RP11-58A11.2	RN7SL503P
195	RP11-789C1.2	CTD-2023N9.1	BANF2	FAM108A9P	RP11-864G5.1
196	MIR7843	RP11-685M7.5	RP11-25L3.3	SNORD113-1	OR7E157P
197	MRPL53	SNORD101	TMTC4	RP11-777B9.4	SFRP2
198	TCEANC2	C15orf32	CCDC109B	AP001059.5	TUBA1B
199	TSHZ1	RPS17P15	RP11-84C10.1	RICTOR	AC092309.1
200	AC009303.2	AAED1	RN7SL214P	GOLGA6B	FAS
201	BTN3A3	ACTRT2	RP11-44F21.2	RP11-1081M5.1	TRAIP
202	RP11-328K22.1	AC116533.4	OR5BM1P	RP11-3D4.4	RP11-401F2.4
203	POP4	OR10T1P	CTD-2281E23.1	RCC2P7	RP4-560B9.6
204	LIPH	DDX11L8	FABP5P1	PLVAP	RPL7P7
205	ZNF404	HMGB3P6	SLC9A7	RP11-665C14.2	RP11-447M12.2
206	FAM71C	CTD-2278I10.6	CREB3L2	SPATA4	RP11-11P22.1
207	RP11-111A24.1	PHC2	MYH8	RDH14	RP4-655C5.4
208	TMCC1P1	RP1-56K13.5	RPS29P25	CIDEC	RP11-118E18.2
209	RP11-446H18.6	ATG4B	RP11-807H22.7	AC073869.20	KB-1836B5.1
210	DEFB131	ANO6	SRRD	RNU6-600P	RP11-383M4.2
211	MPHOSPH9	RP11-778H2.1	PPP1R14A	RP11-166N6.2	RNA5S6
212	RP11-416L21.1	GNAI2	AC009487.4	LINC01465	RN7SKP259
213	RP4-800G7.3	TNFRSF8	AP001187.11	RNU6-615P	RP11-564D11.3
214	QPCTL	AL355149.1	AC080094.1	ARHGEF7-AS2	LINC01374
215	RP1-3E10.2	RP11-722M1.1	SNORD115-43	AP003068.18	PRSS23
216	NAGLU	CISD3	RP11-168P13.1	TCP11L2	GOLGA6L10
217	SNORA74	LMO7-AS1	COMMD10	RSF1-IT1	RP11-817I4.1
218	RNU5A-7P	RP11-248I9.2	EIF4G1	ENDOD1	RLIM
219	RP11-61O11.1	CST11	AC010524.4	MIR3128	ZNF271P
220	CBR3	RP5-1158E12.1	MIR4284	AKR1B1P1	UBE2Q2P4Y
221	RNY4P37	RP4-593M8.1	SNORA77	RP5-1033H22.2	C7orf66
222	RP11-486I11.2	RP11-319F12.2	RP11-70C1.3	RP11-250B2.3	SSX9
223	RP11-369E15.1	RP11-65D24.2	CTNNAP1	CYP4F62P	ACOT4
224	OR8L1P	TRIM34	TMEM184A	RP11-66N11.6	RP11-809O17.1
225	AF127577.11	UXS1	ZNF473	AC144530.1	RP11-751H17.1
226	AC078852.1	LINC00415	RP11-381O7.3	IL17A	CTC-444N24.9
227	MBOAT1	5S_rRNA	TWIST2	NPAS3	CRYBA1
228	PLD6	RP11-340I6.8	FAM90A24P	ESPL1	C16orf82
229	AP006261.1	RP11-325K19.6	AC008410.1	RP11-277J24.1	HIST1H3H
230	IGHVIII-13-1	RP11-638L3.3	ARHGEF3	AGPAT5P1	ODF2-AS1
231	AC008171.1	NOP16	BMS1P15	TRIM60P19	FTLP1
232	CCZ1B	C1QTNF3-AMACR	RP6-99M1.1	NSMAF	PRSS3P1
233	RP11-214K3.21	RP11-356M20.2	AC007292.3	AC005523.3	TNFRSF12A
234	RP11-834C11.12	AC016708.2	MIR519C	MTND5P30	ARHGEF2
235	ARTN	ABCC4	RP11-343P9.1	RP11-313I2.5	AC009960.5
236	RP11-76C10.4	MIR633	CCNG1	MAB21L2	NANS
237	OR10K1	RP5-1185I7.1	CAPN5	ABCD1P5	RP11-120I21.2
238	TBCAP3	TRIM46	DOK7	NKAPP1	LECT1
239	FABP5P13	NR6A1	LINC00376	RPL7L1P10	CLASRP
240	RP11-242G20.1	RP11-180D21.3	AC243980.1	LL22NC01-116C6.1	SLX4IP
241	PTMS	RP11-417J1.6	NUDT22	TRMT10A	RP11-75N20.2
242	PARP11	AP002856.4	CTD-2023M8.1	AL132709.1	RNU4-35P
243	RP11-98J23.2	RP3-400B16.4	RP11-57A19.6	GFY	EIF5P1
244	MIR1254-2	AFM	GTF2A2	CUX2P1	CTD-2376I20.1
245	RP11-343P9.1	AL591428.1	LINC00226	BTBD11	NOD1
246	RP11-552M11.8	WNK2	KB-176G8.1	CTD-3046C4.1	RP5-837I24.6
247	AHCYP3	TRAIP	AC131012.1	TAAR8	AP005118.1
248	LSM14A	RP11-439H13.2	LINC00595	CTC-304I17.3	ZNF268
249	GS1-115M3.3	PARP2	LINC00221	SEC23A	JAG1
250	DNAJB5-AS1	RP11-258C19.7	AL445531.1	CTSW	Z83844.1
251	MYCLP2	RP11-690G19.4	RP11-668G10.2	RP11-359H18.2	FAM195CP
252	RPL29P25	KB-1471A8.1	FAM81A	MIR152	MRPL52
253	SNORD116-7	MRPL22P1	IGLVI-56	CCZ1B	AC023469.2
254	RP3-512B11.3	RP11-383M4.2	FAM74A1	KRTAP4-12	RN7SL278P
255	VPS13D	CD36	IGKV1OR2-11	AC013727.1	PRCC
256	MGAT5	PSAPL1	RNMTL1P1	MFN1	CCDC101
257	HIGD1AP17	CTD-2319I12.2	SNHG12	MICU2	ITGAE
258	EGLN3	TNFRSF10D	OR6M1	RP11-343D2.11	ATP5G2P4
259	NANS	RP11-295B17.6	CTB-35F21.2	LINC01374	RP11-99A1.2
260	RP5-1027O11.1	RP11-1143G9.2	RP11-301M17.1	RP11-264B17.5	YPEL1
261	C10orf113	ARSK	RP11-508N22.13	AP000351.13	CTD-2619J13.19
262	CLASRP	TMEM241	RAB30-AS1	RNA5SP338	AL590683.1
263	CDK2AP2P3	RN7SL564P	RN7SKP140	IKZF3	SNX18P27
264	RP13-436F16.1	FDXACB1	RP11-552E10.1	RP11-514P8.6	RNU1-38P
265	RP11-83C7.1	IGHV3-32	OR2U1P	TMEM82	RP11-521M14.1
266	RP1-209A6.1	TAF9BP2	AC012603.1	MYLK4	CTB-96E2.6
267	AC004941.3	RP11-507B12.2	RP11-112L6.2	AC040162.1	RP11-44I10.6
268	MRPL52	RP11-400N13.1	RP11-481G8.2	RP11-126K1.8	PDRG1
269	KAT2B	OIP5	RP3-425C14.6	RPL5P3	SMCHD1
270	TMEM127	FABP12P1	RP11-45M22.5	RP11-474C8.4	RP11-529A4.9
271	AL033378.1	NXN	RP13-122B23.9	BX088702.3	TAAR5
272	HPS4	CTD-3035K23.6	AKR1B1	RP11-680F8.4	AP003385.1
273	TAS2R5	CTD-2545H1.1	RP11-154F14.2	PLXNA4	CTD-2207O23.3
274	GAS2L1P2	RP11-598D12.4	AC008798.1	GNG10P1	LINC01015
275	MRPL50P1	COL6A4P1	RP13-60P5.2	GKAP1	RP11-123B3.2
276	EP300	AC006369.3	CTD-2541J13.1	LINC01460	CTD-2550O8.7
277	SLC9A9-AS1	XXbac-BPGBPG34I8.1	RGS12	CTD-2280E9.1	RN7SL561P
278	HYAL2	OR6K5P	RHBDF1P1	TNP2	POLR1A
279	NGLY1	LHFP	PPIEL	SEC61B	ZNF445
280	RNU6-889P	SNORA65	SNORD38	RP5-1112D6.7	RP11-197P3.1
281	RP4-676J13.2	DUXAP2	LRRC4C	TTC34	COX20P2
282	UPK3B	LACE1	RP3-399L15.1	GS1-124K5.3	ATG16L1
283	RP11-25C15.1	AC079779.4	ZNF70P1	KB-176G8.1	USF2
284	SERPINA12	SNORD114-31	FP236383.10	LINC00996	SNRPGP4
285	MRPL42P6	RP11-16E12.2	RP11-196B3.2	MIR606	AHCY
286	LRIG2	ST8SIA6-AS1	MIR151B	AATK-AS1	CCT4P2
287	MIR181D	RP11-642C5.1	FIRRE	AL133243.1	MTND1P21
288	F9	RPL30	RPS2P7	RPL30	RNU4-25P
289	IGFL3	RHBDD1	RP5-933B4.1	OR6M1	SSR3
290	TATDN3	CH17-125A10.2	C5orf66-AS2	SAFB2	ZNF415P1
291	RP4-575N6.5	AC068724.2	RN7SL670P	AF240627.2	RNU6-1074P
292	RN7SL561P	UBR3	AC008169.1	YPEL1	ANAPC2
293	CYP4A43P	RN7SL731P	RP11-467L19.8	COL5A1	CTC-321K16.1
294	C1orf186	TCF24	CCDC102A	RP11-53I6.1	AL512385.1
295	AF186996.2	C17orf85	MTND1P21	ALKBH7	THRAP3
296	MIR6836	RP11-508N22.13	TTTY4	HLA-DPB2	RNU6-1006P
297	TRBJ2-5	CTD-2377D24.2	CTD-2158P22.1	MARS	SPINK5
298	RP11-706C16.8	RGMB	CTD-2330J20.2	GSTO2	CBX3P1
299	PEPD	BPY2C	CA6	RP11-578F21.10	RP11-411B10.8
300	NELFE	FZD4	AD000671.6	RP11-573D15.1	GLYATL3
301	AP000459.7	AC092958.1	MIR1207	CCDC83	RP11-357H3.1
302	AD000671.6	RP11-73G16.3	AP000462.1	RNU7-55P	PP14571
303	RP5-967N21.11	PRF1	OR4A42P	RP13-131K19.6	MAP2K7
304	SULT1E1	CCDC144A	RP11-844G16.3	RP11-546K22.2	RN7SL377P
305	SRGNP1	GOLPH3	RP11-326G21.1	LINC00968	RP11-781P6.1
306	METTL22	RP11-361M10.3	RP11-402P6.6	RNU6-989P	AC073326.3
307	RNU6-597P	AC007682.4	RP11-762J3.1	CTD-3149D2.3	GAS2L3
308	HMGN1P2	ALG1L5P	RP11-167P22.3	KRT8P33	RP11-157F20.1
309	AC007679.4	RP11-298O21.6	CAMK1G	MKNK1-AS1	PPP1CA
310	C10orf11	SPNS1	SSXP5	SENP3	RP11-101E19.4
311	RP11-277I20.2	RAD1	RP11-636N17.1	RP11-10L12.1	TTTY5
312	AC116366.5	HMGN2P30	RPSAP55	MIR6792	TEX19
313	IGLVI-38	RP11-408I18.9	KCNMA1-AS3	RPL39P	RP1-121G13.2
314	RP11-293F5.8	ACTN2	AKR1C5P	CAMSAP2	AC005150.1
315	RP11-707M1.1	SEMG2	MKRN4P	RP11-883G14.3	CH17-340M24.3
316	LYST-AS1	ACLY	CCZ1	RNU6-551P	RP11-65G9.1
317	RP11-473M20.16	AC084125.1	MIR452	CTD-2015B23.2	IGHV3-19
318	PCGF6	OR5J7P	RP11-597K23.1	RP11-342F17.1	CTD-2544H17.2
319	RP11-369K17.2	RP11-21K12.2	RP11-354I13.2	SUMO2	RNA5SP408
320	RP11-327L9.1	GPR152	RPS6KA1	GRAMD3	SLC1A5
321	FLJ36000	NUDT18	IGHV1-17	ARMC4P1	RNA5SP240
322	GNL1	HTR3D	RP11-399K21.5	ATP6AP1L	KRT18P52
323	RP11-203H2.2	RP1-228H13.2	AL358815.1	RP11-810K23.6	AP000936.4
324	GS1-25M2.1	EEA1	NAP1L1P2	RP11-409K20.6	PAPD4
325	DNAJC19P5	SLC37A4	NCRNA00250	TMEM123	RP11-483I13.2
326	RP11-726G23.11	MRPS33P3	HCG4	RP11-678B3.1	CD74
327	RP11-81B10.2	NME8	RP4-565E6.1	RP11-680F8.3	RP11-831A10.1
328	EML3	RN7SKP263	AL662800.1	GOLGA2P11	HTR3E-AS1
329	AC015922.6	RP11-626K17.3	RP11-275I4.1	TCF7L1	RP11-45P15.2
330	RP11-407N17.3	RP11-62L10.1	RP11-462P6.1	TMEM104	RP11-64J4.7
331	COIL	GTF2F1	RP1-30M3.6	INPP4B	RN7SL464P
332	RP3-404K8.2	ASH1L-AS1	RNU6-30P	MYSM1	ZNHIT2
333	RP11-348M3.2	RP11-172H24.4	PCBD2	MIR4285	RP11-805L22.1
334	RP6-191P20.4	CTC-235G5.2	RNF2P1	PPIAP16	RP11-631M21.6
335	MICC	SRGNP1	OR5H14	OR2B3	RP11-14J7.1
336	RP11-260M19.2	CTD-2545G14.6	CCDC174	RP11-881M11.2	SLC12A2
337	RNU6-1203P	IGLV8-61	BTG3	ECT2L	TRBJ2-1
338	POLD3	ZMYM2	RP11-260M19.2	MKRN4P	AAMDC
339	GS1-204I12.4	PDZD4	RP11-21L1.1	RPL18P13	RP11-202I11.2
340	SLC9A3R1	AC017028.5	ZNF460	SCGB2A2	LRRC73
341	RP11-799M12.2	C18orf32	RP11-667M19.9	RP11-345J4.5	SUPT20HL2
342	RP11-64J4.7	XKR7	HMBOX1-IT1	RP11-815M8.1	RNU6-341P
343	LINC00330	ARHGAP26-IT1	RP11-513O17.2	AC073215.1	RP11-278C7.2
344	RN7SL464P	PCDHB3	CTD-2510F5.2	P2RY4	PIGN
345	SLC30A7	IKBKGP1	RPS7P3	RP3-412A9.15	DUX4L12
346	PECAM1	RP11-755O11.2	CH17-224D4.1	RP11-170K4.2	PLD5
347	RP11-390F4.2	TMEM134	RP11-12N13.4	TCP11	RAB4B
348	GOLGA6L7P	CTD-2325A15.5	ANAPC11	FOXD4L4	CLLU1OS
349	RPL7L1P5	TTTY14	COL4A6	KCNT2	PAF1
350	RP11-412B14.2	OR7E161P	RP11-544D21.2	CSPG4P5	DUX4L27
351	RP11-763B22.11	GS1-542M4.4	UBE2V2P4	RP11-462P6.1	RPL39P25
352	EIF2B1	SUMO1	RP11-739N10.1	RP11-1023L17.1	DCAF13P3
353	MORF4L2-AS1	RP11-862L9.3	GLUD1P9	MSH4	CCR3
354	NPM1P39	RNU6-214P	RP11-202I11.2	RP4-697K14.3	LA16c-3G11.7
355	M6PR	DNAJB7	RNU6-1160P	KNDC1	RP11-736I10.2
356	AP000261.1	RP11-443O13.3	MIR3178	RPS4Y2	RP11-536C10.17
357	ONECUT2	AP000925.2	SLC14A1	SMG7-AS1	ANKRD36B
358	RP11-787I22.3	HNRNPKP3	FKBP7	ITGAL	BAALC-AS1
359	AC011247.3	LNPEP	OR8B7P	C5orf60	GSTO3P
360	AC012442.5	RP11-397E7.2	ZNF114	RNA5SP229	RP11-510D21.2
361	LINC01326	AC005224.2	SNORD114-25	AC009274.6	MIR1283-2
362	CNNM1	LINC01109	GTF2IRD1P1	CDK3	RP4-665J23.2
363	ST18	RNA5SP328	RNU6-787P	RP11-389O22.4	GLT8D2
364	RP11-716H6.1	RP11-227G15.9	RP11-776B3.1	RPL13	DEFB106A
365	AC096570.2	AC009237.4	RP11-403I13.9	AC091736.1	DEFB108B
366	APLNR	MYO18B	LCMT1-AS1	CTD-2095E4.5	PRM1
367	AC012414.1	AGGF1P1	BCRP4	RP11-35G9.5	POU3F3
368	RP11-46E17.8	GOLIM4	NOL8P1	RNU7-195P	IKBKAP
369	DNTTIP2	AC013437.7	RP4-682C21.5	ARL6IP1P1	AC133785.1
370	NIPA2	RPL7AP73	LINC01348	MIR423	KRT8P12
371	RP11-141C7.3	RP11-893F2.15	AC007036.5	KLHL24	RP11-1391J7.1
372	ATP5A1P3	AL162381.1	SMIM24	RNU6-256P	ROR1
373	DEFB116	DGUOK	AC010880.1	CYP2C19	AP1M2
374	AC006026.9	AC007392.3	LINC01268	AF228730.5	UCN
375	FAM71F1	ENTPD5	MIR4518	RP11-253E3.1	CTD-2123J17.2
376	CTB-79E8.2	RP11-752G15.10	VAPA	NECAB2	RP4-754E20__A.5
377	TDGF1P3	IGLVV-58	SIGLEC17P	FOXP2	USP17L3
378	BNIP3P13	RPL26P20	FAM193A	RP11-170L3.4	RNU6-131P
379	SLC25A21	MIR3118-3	AC133680.1	MIR124-2	AC020636.1
380	NPM1P12	RP4-610C12.4	SEC62	SNORD12B	RN7SKP213
381	RP11-154D9.1	ESRRAP2	RP11-173A6.2	PPP1R3D	RNA5SP507
382	CNST	RP11-545J16.1	MIR1179	OR8K3	RN7SL120P
383	ITPKC	RPS7P3	RP11-166O4.1	MST1	SCN4B
384	FAM195B	AC093824.1	RP11-404E12.1	ZNF815P	AC009060.1
385	NTAN1	MTND1P15	MIR378J	RP11-304F15.6	RSPO2
386	AC006487.1	RP11-795J1.2	TBCK	IGHV7-40	F8A2
387	RP11-171N4.2	ZFHX4-AS1	BRD2	IGLVI-70	SAYSD1
388	MAGEA3	ITGA7	AC011193.1	RP11-481A20.8	KCNU1
389	DNAJA2	AC005926.1	XXbac-BCX196D17.5	FLJ20021	RP5-890O3.3
390	MTND6P20	FAM9A	LRRC37A16P	HMGB1P19	GPATCH3
391	CTD-3023L14.1	GLUD1P9	NRSN1	WNT8B	RP11-72M17.1
392	RP11-534L6.5	RP11-672A2.6	GLRA3	LRRC37A16P	AC136932.1
393	MIR6819	SLMO2P2	LRRC52	U47924.27	CTD-2325A15.2
394	LINC01189	RP11-739N10.1	PRAMENP	RP11-644F5.11	AC092666.1
395	IL1F10	RP11-412B14.2	CD63	PKD2	PPP4R4
396	OR2A13P	AF003626.1	MIR548AP	CTC-490G23.4	PPP1R26P3
397	RP11-31L22.3	AL356458.1	RP11-53B2.1	LAS1L	CMTM5
398	CH507-513H4.3	ZNF223	RP11-12P19.2	PPP3CC	RP11-13N13.6
399	RP11-666A8.7	RNA5SP27	KIF19	AC007274.5	TPTE2
400	RNU4-12P	ZBTB6	RP11-328N19.1	RP11-534L6.5	AC018804.1
401	RP11-813N20.1	KRTAP13-1	RARRES2P6	LINC01189	ZNF565
402	RP11-255A11.4	CTD-2651B20.8	RP11-56L13.1	NPM1P33	NR4A3
403	DEGS2	RP11-196H14.4	TBC1D3C	GNA14	RP11-360O19.4
404	FAM58DP	AKT2	MPZL3	RP11-862L9.2	RP11-627H22.8
405	GBP6	RP11-203P2.2	AC005588.2	RP3-461F17.2	DSG4
406	AC120120.1	RP1-298M8.1	VN1R110P	MIR3614	SEPT11
407	RP11-452D12.1	BRICD5	SMTN	RP11-92J19.3	RP11-618I10.3
408	RP4-581F12.1	GS1-21A4.2	CTC-321K16.4	LARP4B	RP11-231L11.1
409	TIMP4	RP11-540K16.1	SLC25A44	NPM1P22	CTB-32H22.1
410	C6orf211	AC098614.1	RP11-222G7.2	AL928742.12	MAPKAP1
411	RP11-487E1.2	CSNK1G2	OR2AS2P	RP13-346H10.2	PYCARD
412	RP11-486A14.2	RP11-770J1.3	RP11-317P15.3	CD34	PIM1
413	LINC01450	COQ9	NAP1L3	AC068669.1	RN7SL205P
414	RP11-337L12.1	AC023283.1	FBXO45	PMS2L2	PIK3R6
415	SNORD44	HSPA13	PRMT6	EIF5AP2	AL592205.1
416	TTC16	RNA5SP68	HLA-DRA	RP11-452H21.2	TRIM5
417	SNORD62B	VAPA	PPIAP19	GOLGA8M	UBAP2
418	RP11-109M19.2	FAM193A	EIF4BP2	RNU6-480P	C12orf66
419	CTD-2583P5.1	NOL11	CDKL4	TTC3	RP11-245A18.1
420	AP000290.1	RP11-485B17.12	SNORD46	AC005034.2	NUP210L
421	RP11-475J5.7	IFI30	RP11-191G24.1	RP1-102G20.5	PLXNB2
422	RP11-104H15.10	AC104301.1	SLC10A4	AC080125.1	HOPX
423	RP11-167P23.4	RP11-346D14.1	LINC00487	ZFP28	IGKV2D-38
424	OR5AW1P	OR8B9P	RP11-161D15.2	SKOR1	RP11-848D3.4
425	CTA-407F11.9	RP11-166B2.8	TRIM42	RP5-1107A17.2	GPAA1
426	AC034228.3	RP11-515O17.3	RP11-30K9.6	CPEB4	KRTCAP2
427	RP11-380P13.1	RPL5P18	AC080125.1	U52111.14	RN7SKP114
428	APBB2	MIR548AP	DEFA1	AC102953.4	MIR4727
429	FAM90A15P	HCG27	NFIA	RP11-1033H12.3	TCP10L2
430	RNA5SP249	RP11-328N19.1	CTB-186H2.3	LTF	RP11-692C24.2
431	MIR325HG	ACAD10	TBCE	CTB-32H22.1	CYP1D1P
432	NUBP1	PKIB	AC008154.5	SHISA5	NEFM
433	GRPEL1	MPC2	RP5-1107A17.2	RP11-395N6.4	PCDHA13
434	AC013271.3	RP11-643A5.1	RN7SL525P	NAV3	HMGB1P30
435	RP11-10A14.7	AC090154.1	RP11-421E14.2	BTG2	NCKAP1
436	RPL29P28	RP11-474L11.5	SCHLAP1	SLC25A3P1	IGHD5OR15-5B
437	MIR122	UNKL	MRPL51P2	ME1	CTD-2540L5.5
438	DDX11L1	CLHC1	SNTA1	TRIM60	KRT32
439	VDAC1P3	AC008906.1	MIR26B	RP11-552J9.13	CYP2F1
440	CNTFR-AS1	RP11-656A10.1	C17orf82	RP11-167N24.3	TRBV6-4
441	AC118463.1	PRAMEF4	SDCBPP2	TXNRD3	RP11-265N7.2
442	RP11-439K3.3	SGTB	KLF3	KRT18P24	ZMIZ1
443	MIR6084	RP11-399K21.12	MAGT1	SNRPGP9	RP11-685B24.1
444	RP11-498C9.4	HMGN2P23	CASC8	EHMT2	RP11-229P13.15
445	RAB37	RP11-161D15.2	TLE1P1	N6AMT2	ETV5
446	MIR331	AC004911.2	LEPR	HSP90B1	RNU1-119P
447	RP11-391J2.3	AL845259.4	CAMKK2	RP11-21B23.2	RP11-624M8.1
448	LA16c-431H6.6	LBP	DIRC3-AS1	POTEG	FABP5P12
449	RP11-369J21.11	CDCA7	RNU6-973P	RP4-561L24.3	WDR7-OT1
450	AP000580.1	HDLBP	ZNF90	IGHV3-43	PSMB4
451	GRIN3B	MIR3118-1	AC004980.8	RP11-173E2.2	UGDH
452	CTD-2363C16.2	AC100800.1	AP001885.1	CD44	CTD-2320G14.2
453	RP11-640N20.6	RBM17P1	ITGB2-AS1	MIR1178	NRIP1
454	NMU	NR4A3	RP11-989F5.3	AL356253.1	PTCD3
455	COLEC11	CLUHP4	MAT2B	ARMCX4	SKIV2L2
456	AC100830.3	MIR1227	MIR1283-1	AC104843.3	PGK1
457	FAM91A3P	CH17-262A2.1	TPM3P2	COL13A1	RP11-810P12.5
458	RNU6-721P	FAM200A	MIR6859-2	PCBP2-OT1	RASGRF1
459	AC018880.2	SNRPN	RP11-866E20.1	LA16c-381G6.1	TMEM51
460	IGHD2OR15-2B	TINAG	IGLCOR22-1	AC099344.3	RP11-241M13.2
461	BMP15	RP3-419C19.2	TCHH	RP11-451B8.1	FAM228A
462	RNA5SP152	SLC7A1	SORD	RAB9AP1	RPL23AP12
463	CTD-2555A7.3	RP11-803B1.8	RPSAP23	COG1	RP11-983C2.2
464	ANKRD53	PSCA	RNA5SP510	AC003092.2	SNORD78
465	SYNGR2	USP32P1	RP11-131J4.12	AC008746.3	LRRC40
466	AC064834.3	CLN8	RP11-120A1.1	EIF1AXP1	RP11-531H8.1
467	RP11-603J24.5	LTC4S	RP1-90J20.14	RP11-140M13.1	SLC26A3
468	RNU6-918P	AC093627.9	AC002056.5	RP11-218I7.2	PPBP
469	RP11-621K7.1	RN7SKP9	MKLN1	RP11-125M16.1	AP000567.27
470	RP11-539E17.5	LINC00189	BMP1	IGKV2-4	MIAT_exon5_2
471	CD44	DUX4L11	LA16c-381G6.1	RNF6	PLEKHA6
472	SLC27A3	CTC-498M16.4	GIPC3	SLC25A27	CICP24
473	CTB-83J4.2	KCNQ5-IT1	RP3-518E13.2	RP11-701H16.4	FKBP3
474	TBC1D10A	RN7SKP114	PELO	CTD-2315M5.2	PRRT3
475	RP11-136I14.4	RP11-195B21.3	AC002456.2	DBR1	DKFZp313A047
476	KRT84	RAB5C	RP11-442O1.4	RP11-240D10.4	RN7SL847P
477	RP11-1324A7.2	BAG3	PGAM5	RAD17P2	AL353135.1
478	IGKV1D-8	RP11-21B23.2	AC129492.1	RP11-96J15.2	RNU6-760P
479	RP11-284P20.3	ZNF544	RP4-639J15.3	GLRA4	SHOX2
480	DLGAP4	RPS3AP9	TRUB1	IGFBP1	RP11-343J3.2
481	CCDC58	MSR1	TNFAIP1	RP11-407P2.1	NMUR1
482	ART4	TBL2	RNU6-300P	RP11-1267H10.1	CTD-2342I9.1
483	RP11-848P1.2	RNU7-200P	TMEM18	RP11-944C7.1	AC016549.1
484	IGHV1OR15-4	STRA8	MIR8059	CTD-2195M18.2	RP11-396C23.4
485	PTPRR	RP11-435O5.6	RP11-675M1.2	RP11-728D14.6	MIR6722
486	GPR124	RP11-116N8.1	LINC00116	RPGR	RSL24D1P4
487	MIR4436A	AC079776.4	AP003356.1	RP11-787D18.1	C2orf74
488	PGAM1P9	PLTP	LYPD6	IGLV8OR8-1	RN7SKP69
489	RP11-321E2.8	RP11-347C12.1	RP11-578F21.4	PYROXD2	BCL9L
490	CLSTN1	ST13P2	MIR4271	LINC01089	RP11-619A14.2
491	RP11-229P13.22	RP11-331N16.1	CELA2B	MIR1302-5	RP11-537H15.4
492	AC015883.1	SPATA3-AS1	AC006116.1	HNRNPA3P10	CEP164
493	MIR4493	ABHD12	IFNB1	RP11-603K19.1	RP11-365D23.2
494	RNU4-24P	EGFEM1P	RN7SKP241	RP11-371E8.2	YWHAQP6
495	SNORD58	MIR513B	RP11-885N19.6	RNU6-638P	RP11-218E15.1
496	AC007163.1	RP11-753D20.1	RNU6-617P	RP1-116K23.1	CTC-436P18.5
497	OR2D3	GPR124	RP11-98H4.4	RPL31	RPS26P2
498	ZNF564	PRSS8	IDH3G	AL732374.1	AP005901.1
499	AP001601.2	PSMA6P3	CD28	RNA5SP208	MIR27A
500	RP11-815J21.3	AOC2	RNA5SP275	SOX17	RP11-554D15.4
501	METTL16	IGHV1-58	RPL23AP50	LPO	PRR36
502	RP11-603K19.1	RP11-359H3.1	AP000567.27	RP11-395P16.1	ZMYND15
503	NSMCE4A	TECRP1	DDX21	AC005042.2	RP11-475D10.4
504	CLDN24	CTD-2066L21.1	CFTR	GTF2IP2	RN7SKP88
505	RNU6-307P	CTD-2245F17.2	CLCN1	AC016549.1	FNTAL1
506	RP11-219H23.1	RBMXL1	RP11-392B6.1	KIAA0100	LINC00421
507	MIR558	RP11-35J10.6	MAB21L1	RP1-65J11.1	RP11-118H15.1
508	CDY12P	PIK3C3	APPL2	CTD-2349P21.5	PWWP2B
509	FBF1	RP11-265N6.1	RP13-612N21.1	KLHL7	AC011477.2
510	TRAJ46	HNRNPA3P5	LSMEM2	MIR3920	PRDM14
511	RP3-433G13.1	RNU6-202P	RP11-353N14.3	AC006946.16	KIF1C
512	TTBK2	ZNF132	RP5-1181K21.4	LINC00895	RP11-327I22.5
513	OLR1	RNA5SP177	CTD-2342I9.1	RN7SL118P	RP5-865N13.1
514	MIR548G	RN7SKP21	CTD-2033D15.1	PRKAR1AP	AC006538.8
515	DEFA3	AC007365.2	C7orf73	LINC00051	RP11-415D17.4
516	RNU6-562P	VPS51	LINC00474	SEPHS2P1	CTD-2005H7.1
517	CTD-2561F5.1	LINC01003	SNORA80B	RP11-783K16.13	AP000345.2
518	ZNF527	LYRM4	GTSE1	CTB-78F1.1	RP11-46C24.6
519	HGFAC	MARK2P11	FAM20B	CTD-3126B10.2	RP1-66C13.4
520	AC006277.3	ATP2B2-IT2	RNU6-1088P	HMGB1P46	LINC00690
521	RP11-475O23.3	TXNP4	TBCAP2	ZNF225	OR11Q1P
522	USP12-AS1	RP11-351J23.1	MSL3P1	IGLV3-21	POM121L4P
523	ZRANB2-AS2	DGKZ	KCTD16	COPA	RP11-216L13.17
524	PTMAP8	RP11-380D15.3	DAZ4	CHEK1	RP11-1078H9.1
525	CELF5	NEK9	RP11-326C3.2	RARG	RPL39P28
526	NXF5	SERPINI1	GPX1	YWHAQ	RP1-59D14.9
527	AFAP1L2	ZNF652	STK32B	CTD-2275D10.2	RP11-161M6.5
528	RP11-381K20.4	AL355977.1	RNU6-342P	RP13-401N8.1	RP11-80F22.15
529	KDM3B	RP11-68D16.1	RP11-703H8.7	AC002398.9	CNKSR3
530	C3P1	FLRT3	AC079767.4	RP11-476H24.1	YAP1P1
531	MIR3134	ZNF615	SECTM1	MIR7113	RP11-116D2.1
532	CTD-2124B20.2	OR3D1P	RP11-183E9.2	AC005498.1	RP11-304L19.12
533	ANKRD20A17P	AP005901.1	RP11-961A15.3	MGC16275	CKAP2L
534	ELDR	MYOCD	OR52R1	AL133410.1	RP13-379L11.4
535	RHEBP2	RP11-118H15.1	RPL9P3	TMEM42	FGF14-AS1
536	RAC1P3	RNU6-316P	RP11-536I6.2	RP11-421K23.1	AC003002.6
537	RP11-70C1.1	CTD-2192J16.22	EFR3B	RP11-205K6.3	RP11-344P13.6
538	PNCK	NR1H5P	ZYG11AP1	AF213884.2	RP11-179A9.3
539	RNU6-432P	CT47A3	RBP2	C12orf80	RP13-514E23.1
540	FBXL21	CEBPZOS	CCBE1	RP11-373F14.2	N4BP2L2
541	DTYMK	AC007998.1	MIR1258	RPS6KA6	RNU1-52P
542	RIPK3	ZSWIM8	HUS1	RCC2P6	RP11-299D14.2
543	GS1-388B5.8	AC004837.3	SLC6A3	FKBP4P1	RNU7-193P
544	RP11-5N11.3	PFN3	AC098826.5	GAPDHP28	DYNC2LI1
545	ZCCHC6	RN7SL383P	CTC-457L16.2	AC096922.2	RN7SL108P
546	RP11-757O6.6	RP1-20N2.7	RP11-131M11.2	MIR548BB	RP11-113I22.1
547	RP11-166B14.1	PNOC	RP11-812E19.9	CTD-2267G17.2	CH17-360D5.3
548	AP000770.1	TTTY1B	YRDC	RP11-480N24.3	AC241377.2
549	SPATA2	MAP1LC3BP1	TCEB1	MAGI2-AS1	ZFP64P1
550	ZNF728	RPS10P28	RP4-668E10.4	AMIGO3	SNORD115-41
551	RP11-727F15.12	MKNK1	PDYN	AC093249.1	RP11-667M19.5
552	SLC27A2	SEMA5B	HAT1	KPNA4	RP11-475I24.1
553	CAD	KLHL35	LDLRAD3	RCC2	RP1-35C21.2
554	HTT-AS	AC011073.1	RP11-829H16.2	CTD-2579N5.3	RP11-535M15.2
555	KCTD9	CAD	LINC00633	RPS12P23	PLB1
556	SEMA3B-AS1	RP11-137H2.4	SNTB1	RN7SL717P	ZNF710
557	RPS7P6	TMEM62	RN7SL468P	MLECP1	RNF114
558	FAM171A2	CATIP	DPCR1	RNU6-1062P	ELMO1
559	RP11-91J3.2	DNAH12	CTD-2031P19.5	RN7SL381P	OR52K1
560	FOXD2	RP11-180M15.6	ASH2LP1	SIAH3	RP11-488L18.10
561	IGHD4OR15-4A	RN7SL461P	RP11-392A14.9	AC006335.6	TTTY17A
562	AC090079.1	SELP	AC006534.1	RP11-382N13.1	MIR4450
563	RP11-392E22.5	RN7SL233P	CPSF6	PAGE3	CTD-3116E22.7
564	SLC8A3	IFNG-AS1	RP13-147D17.1	RP11-363H12.1	RP5-1193P9.4
565	MSN	U2AF1	AC073065.3	LINC00526	GNAS-AS1_4
566	RP11-445F12.1	RP11-56P9.5	RP11-56B16.2	OR52H2P	C9orf16
567	HMGB1P20	TTTY21	FKBP15	AL021918.2	ST13P21
568	RP11-613F7.1	MCMBP	TAP1	IGHV2-70	TDGF1P4
569	VN1R51P	SERPINA5	RP11-452H21.1	AL590410.1	NAPSA
570	LILRA6	KRT18P15	LLNLR-284B4.1	SNORD116-14	ANKRD52
571	MIR4761	HHLA1	PCAT19	KRT6C	CBWD2
572	BX649553.2	RP13-977J11.3	PRSS51	SNORD88C	NHLH2
573	PIN4	NAP1L4P1	KLB	BACE1-AS	RP11-598D14.1
574	CENPVP3	MIR92A1	RP11-385G16.1	RNA5SP114	RN7SL440P
575	UBXN2B	CTC-425F1.4	RP11-513I15.6	CHMP7	BIRC6-AS2
576	RP11-435I10.6	RP11-44M6.3	RP11-352D13.6	PPP6R2P1	LINC01555
577	DEFA10P	CT45A9	RP11-160A9.3	RP5-1180D12.1	RP11-103H7.3
578	MIR6133	RP11-62C3.10	MIR329-1	RP11-352D13.6	AP006216.5
579	GPR65	ADPRM	RP11-133F8.2	CHI3L2	ZSWIM5P3
580	RP11-643C9.2	ZBED8	RP11-407G23.5	CTA-992D9.11	CHCHD4P3
581	CTD-2545G14.2	RP11-503P10.1	CTD-3099C6.5	TRIM4	RP11-141E13.1
582	GOLGA5P1	MRPL42P4	RP11-454C18.1	INSM1	AC139099.5
583	RP11-65J21.1	PRAMEF12	AC113407.1	CTD-2292M16.7	AGFG1
584	MIR3687-1	RP11-3L23.2	RNU7-79P	RP1-35C21.2	RP11-64C12.6
585	RP11-192C21.3	AJ003147.8	PLK3	HNF1B	CTD-2562J15.4
586	RNA5SP364	RPS3AP15	RP11-42I10.1	LL0XNC01-220B11.1	AC091559.1
587	KRT6C	CT47A6	TARS2	RP11-26H16.1	AC010974.3
588	PYURF	SPOCK2	CASC21	RP11-203F10.6	C10orf67
589	HIST4H4	RP11-386I23.1	AC046176.1	DLEU7-AS1	HCG18
590	HTRA1	SLN	RP11-365H8.2	MCM8-AS1	RP11-762H8.2
591	RP11-370K11.1	IFI44	RP11-195M16.1	ZNF469	RP11-455J15.1
592	AC055876.1	MAP2K3	RP11-146I2.1	RNU4-60P	C21orf58
593	AC019046.1	AC055736.1	ASPHD1	SCT	DHFRP1
594	RP11-257P3.3	RP11-387D10.4	SERTAD4	SLN	RP11-476H16.1
595	RP11-56L13.3	RNA5SP327	SNX3P1Y	RP5-1193P9.4	PRSS44
596	RP11-673C5.1	RP1-232L22__A.1	AC108448.3	RP11-407N17.5	GNPATP
597	PBOV1	MYOM1	DBT	AC094019.4	RPL17P3
598	CNP	DEFB117	KIAA0922	AL356217.1	DNAJC11
599	SLC32A1	PDZD3	WNK1	COX6B1P3	PGBD3
600	PLB1	CTD-2335L22.6	GCNT3	SF3B5	RP11-145M9.2
601	FARSBP1	AC133749.1	SEPT9	RBMY2CP	CACYBPP2
602	RASA4CP	SMARCA1	PTEN	CTD-2110K23.1	ADH5P4
603	RP11-28O3.2	RP11-475O6.1	MIR6789	SAR1A	RP11-757G14.3
604	TMEM132A	TRPT1	RP11-216N14.8	MED28	OR2T7
605	SYCE1L	ABHD8	RP11-960B9.2	RP5-902P8.12	AC016670.1
606	RP11-504P24.9	AC097495.3	S100A13	PPIAP11	RNU6-1275P
607	CT47A6	RP11-348P10.2	RP11-34P13.16	RNU6-833P	FAM210A
608	RP11-790J24.1	MIR654	DDX47	RNU4ATAC11P	FTH1P25
609	Z99916.1	LL22NC03-30E12.11	RNF180	RP11-259O2.3	AC068706.2
610	RP11-24P24.1	MIR3666	RP11-599B13.3	RP11-307E17.8	NME7
611	GLTP	MIR6511B1	RP11-529J17.3	SCRT2	RP11-431M7.3
612	TMEM221	LOC440461	RP11-329N22.2	RP11-320M16.1	RP11-720D4.2
613	RP11-254F7.4	RP11-458F8.3	RP11-333E13.2	MIR3666	LINC01046
614	LLNLF-65H9.1	AC005229.7	CD22	RBFOX1	CTD-3179P9.1
615	GOLGA6L11P	CTD-2036P10.6	THAP11	SRSF12	RP11-85G21.3
616	RP13-884E18.4	METTL8P1	MTMR1	RP11-147C23.1	MIR1976
617	ST7-AS2_1	RNU6-1163P	CASC16	CCL14	PAEP
618	RP11-518K17.4	SHPK	RAD1P1	GPR148	KCNA1
619	RP11-659E9.4	DLEU1_2	RNA5SP54	RP11-603J24.6	RP11-429A20.2
620	AP003464.1	TMEM14B	AC091493.1	ANKRD34C-AS1	TRAV41
621	MARVELD3	AC145141.2	MFAP5	RP11-138C9.1	RNU6-547P
622	CTB-25B13.12	OTC	PROB1	RP11-394O4.6	AC015909.1
623	SEPT9	THEM4	C10orf67	MET	RP11-627G18.1
624	LINC01121	C11orf16	AC007740.1	RENBP	PRKD1
625	FZD8	ROBO4	RP11-646I6.5	LINC00639	MTRNR2L10
626	OR51B2	RP11-169E6.4	ACTL10	RFNG	CYB5B
627	RLN2	NUDT9	NPIPA7	ZNF277	MTND5P19
628	RP11-561C5.7	AC114973.1	THEM4	KB-173C10.1	RP11-522L3.6
629	SRRM3	RP11-365F18.3	AP000646.1	RP11-1338A24.1	RP11-268P4.5
630	SOCS7	MIR522	U40455.1	NKX6-3	ZNF251
631	USP45	RP11-764K9.4	RP11-276H7.3	HLA-DQB3	CTC-422A18.2
632	RP11-809H16.5	PROSER2-AS1	RFPL1S	RP11-393N4.1	TUBB8P6
633	HAUS6P1	RPL5P20	FNDC3B	ARSD-AS1	VAMP5
634	CTD-2139B15.5	CDH10	HMGN2P24	AC130469.2	INA
635	TOB1	RN7SKP221	CTD-2287O16.4	RP6-166C19.14	AC007327.5
636	CTD-3220F14.1	COL12A1	LYPLA1P1	RP11-168L22.2	Evf1_1
637	RP11-110I1.11	OR4A5	LINC00852	CTC-550B14.7	RNU6-33P
638	RNA5SP282	CH17-335B8.4	RP11-265N6.2	CTC-535M15.1	UBE2CP4
639	AC112198.2	AC092155.1	AC002480.4	RNA5SP443	RP5-892K4.1
640	TAF1	LIN28A	DLGAP1	AC099344.2	TRIM36
641	ZFAT-AS1_2	AC017074.1	RNU6-893P	CCDC129	LINC00602
642	FBXW7	PLA2R1	C19orf44	TRIM60P18	RP11-700E23.1
643	RP1-149A16.3	ZFAND1	PPP1R17	RBM44	CAPNS1P1
644	HIST1H2BM	GPC6	EEF1A1P21	RNY1	RP11-151F5.2
645	RNU6-104P	MIR548H5	RN7SKP235	RN7SKP221	TCEB3B
646	SNORA40	AC021760.1	ST7-AS1_1	TPT1	TMEM175
647	CTPS2	GVQW1	HLA-J	NEBL-AS1	AC005007.3
648	RP11-589M4.4	RNU6-623P	ATPIF1	FAM71D	GOLGA6L6
649	MTCO1P4	RP11-385F5.5	AJ011931.1	PGK2	MIR1-1
650	INO80C	RP11-68D16.2	RP11-46I1.1	WDR49	RP11-251M1.1
651	RP11-168L22.2	AKAP1	AC091132.2	UGT1A10	RP5-921G16.2
652	RP11-712P20.2	CTD-2130F23.1	AC011524.3	CTD-2542C24.2	AC026202.3
653	ABCF3	TMEM252	RNF10P1	CTD-2141G3.1	AP000859.4
654	LINC01233	RP11-654D12.1	RP11-643A5.2	CD24P2	RP11-958N24.4
655	RP11-310I24.1	WDR11	BNIP3P42	RN7SL645P	RP11-364L4.3
656	RNU7-92P	TUBB4B	AL021920.1	CIB2	RP11-1113N2.4
657	SORCS3-AS1	CTD-3065B20.2	RP11-81H14.1	KCNA1	LANCL2
658	MIR4793	UBE2E2-AS1	KDELR3	FRY-AS1	AL356585.3
659	HEATR1	RNU6-817P	C1orf132	RP4-756H11.3	FZD10-AS1
660	BDH2P1	LIG1	CTD-2333M24.1	RP11-552J9.6	AC016747.1
661	RN7SL786P	RP4-681N20.5	CTC-255N20.1	TM6SF2	RP11-332L8.1
662	COL12A1	TNPO2	TAPT1-AS1	DCXR	PIP5K1P1
663	RP11-234K24.3	RP11-348J24.1	RP11-10L12.2	VDAC1P4	RP11-467L13.5
664	RP11-11C20.3	MAP3K14-AS1	KRT18P1	SYNJ2-IT1	RNA5SP18
665	OR4A5	RP1-72A23.4	RP11-435O5.5	MIR7110	RP11-305P14.1
666	CH17-335B8.4	RP11-434D2.3	RNU1-22P	SAP30	AC016700.6
667	NEURL3	MLANA	RNU1-48P	NPAP1P7	RP11-277A4.4
668	RNU7-77P	RNU6-63P	RP11-85B7.5	CTA-392C11.1	AC007038.7
669	IL27	AC073636.1	IPO9-AS1	LEMD3	RP11-90B22.1
670	EPHX1	NPM1P14	AC025918.2	RP11-385M4.1	RP11-711C17.1
671	ESM1	MRPL1	NPPA-AS1_1	SKIDA1	IMPDH2
672	ABCC6P1	RP11-313C15.1	RNU6-898P	HIST1H2BD	AC078991.1
673	CTB-134H23.3	NPM1P43	HM13	AL732375.4	RAG1
674	RN7SL851P	IL13	PTGES2	RNU6-817P	KRTAP6-3
675	RNU6-1224P	PLS1-AS1	PPP1R26-AS1	ZNF626	RP11-160K17.1
676	RN7SKP214	TEX40	MIR181A1	TRIM36	GPR123
677	CTB-1144G6.6	RP11-236L14.2	GLI2	RNU1-150P	MIR5582
678	RP11-57J16.1	RN7SL838P	LA16c-313F4.1	RPSAP43	MSL3
679	RNA5SP388	HIGD1AP4	RP11-184C23.4	SLC34A2	RP11-5P22.1
680	RNU6-1244P	RP11-407A16.3	EFCAB14	RP11-157L3.4	RP11-20O24.1
681	RP1-146A15.1	RP1-202O8.3	BAMBI	KRT18P37	KPNA5
682	RP11-6F2.5	OR11K1P	AL096869.1	TMEM219	HMGB1P42
683	GABRG3	RP11-574E24.3	AC009784.1	RP11-348J24.1	RP11-1166P10.1
684	MIR4515	MIR1281	RP4-784A16.5	USP17L6P	FAM90A17P
685	RP11-7O11.3	CRB3	AC009892.10	SH3YL1	AC005775.2
686	AC010141.4	AC097108.1	RP11-111A24.2	AP000289.6	LINC00550
687	RP11-418J17.1	C7orf55	MIR7976	ZNF736P8Y	RNU6-1162P
688	RP11-12N13.6	RP11-45H22.3	LMNTD1	CTD-2013N17.7	PCDHGA9
689	HIST1H2APS1	AC016700.6	FNBP1L	C11orf95	RP11-580I16.2
690	SNRPCP1	RP11-114H24.6	GPI	CCDC66	MAP2
691	CTD-2296D1.3	RP1-7G5.6	AC034236.1	DNAJC8	SEBOX
692	NR1I3	RP11-118E9.1	HRC	RP11-428F8.2	RP11-758P17.2
693	RP11-1082L8.3	GLULP5	RP11-727A23.1	AC002072.1	SNORD116-27
694	CPLX1	CNOT2	LRP1	FARSA	CBLN3
695	RN7SL415P	PPP2R3C	RP11-361A23.2	KB-1440D3.13	LINC01031
696	FBXO25	RP13-753N3.1	COLGALT1	PTGER4P2	RP5-981L23.2
697	IGKV2OR2-1	RP11-654C22.1	PIP5K1P1	FUNDC1	SPAG7
698	RP11-650P15.1	RP11-73O6.3	HNRNPA1P52	COMMD3	CTD-2026G6.3
699	CTD-2308N23.2	TDGF1P7	RP13-75G22.1	TRAPPC3L	ZNF846
700	CDC42	FUT8-AS1	ALDH18A1	TMEM89	ASB10
701	DSCR8	MIR4712	MTND4P14	RP11-583F24.5	NBAS
702	CCNB3	AC068799.1	HSPA9P1	COX15	KCNH7
703	IGLV3-10	OR10A2	MIR301A	RP11-429E11.2	OR2B6
704	USP33	RP11-310H4.3	TVP23C-CDRT4	OR2AT4	TUBB4BP3
705	RP11-161H23.5	CTD-3012A18.1	CTD-2265O21.7	RNU1-62P	MCTS1
706	AC092106.2	MSL3	MIR374B	AL031777.2	PRTN3
707	ZNF830	C8orf59P1	RP11-328K2.1	MIR7515HG	RP1-163G9.2
708	SIK3	ARHGDIG	CH17-189H20.1	RP11-325E5.1	AC016738.4
709	AC010150.1	CYB5R1	MIR568	RP11-525K10.3	RP11-279F6.1
710	GLULP5	PTPLB	RP11-342M1.7	PPP1CB	RNU7-81P
711	RP11-366H4.1	ZNF483	RN7SKP232	RHOXF1	RNU6-1052P
712	CTD-2265O21.7	DPPA3P1	PRKRIRP6	AL391839.1	CRIP3
713	RP11-711C17.1	AC003101.1	DHX40	CCNL1	RP11-284F21.11
714	WLS	C2orf69	RPS23	RP11-162I7.1	RP5-837M10.4
715	RPL13P6	RP11-232D9.2	AC008834.2	FAM90A14P	CTD-3065J16.9
716	RN7SL470P	CTD-2308L22.1	ALS2	LINC01093	AL603650.1
717	MT1DP	PLXDC2	AP000240.9	RP11-362K14.5	RNU6-1014P
718	DPPA2P3	MIR372	RP11-578F21.2	RP11-342H21.2	AC108205.1
719	ZBED1	RNA5SP309	RPL17P49	RP11-310H4.3	RP11-473E2.2
720	GPR123	LINC01104	PRORY	RN7SL504P	RP11-650J17.1
721	ABHD16B	ZNF696	OR13F1	IGHD3-10	EXOSC10
722	KRT8P19	RP11-344N17.6	HMGB3P5	LINC01480	RNU6-187P
723	RNA5SP406	AC010331.1	TCEA2	RP11-815N9.2	RP11-290L1.7
724	AL645730.1	ZNF765	EEF1B2P8	RP11-282A11.3	RP11-652L8.4
725	LINC01187	THAP7-AS1	RP11-573G6.10	PRORY	MIR367
726	RP11-65N13.6	RP11-119H12.6	PRKRIRP1	CTD-2203A3.1	RP11-135A1.2
727	RP11-159F24.2	HNRNPA1P5	DPPA3P1	RNU7-74P	RP4-745K6.1
728	RP11-286M16.1	RP13-941N14.1	AC073257.2	ORAOV1	UCHL1
729	RP11-433P17.2	SCARNA7	RP11-385F5.4	RP5-952N6.1	EPB41L2
730	RP11-395L14.11	SAMD4A	GS1-124K5.12	COX7BP1	MIR340
731	RNA5SP354	TRAV9-2	RP11-64C12.7	AC015849.15	MIR3156-3
732	INHBA-AS1	RN7SL614P	AC008278.3	RP11-221N13.2	SS18L1
733	CCL3	PDE5A	RP1-158P9.1	BIN2P2	AC005540.3
734	RNU6-1162P	CTD-2256P15.5	FAT1P1	RP11-232D9.2	MESTP4
735	AP1B1P1	RNU7-81P	HMGB3P32	CTD-2308L22.1	RP13-395E19.2
736	RP11-248J18.2	CTD-2023N9.3	RNY1P7	MPPE1	PPARD
737	RP11-313E19.1	RP11-573D15.9	MIR1324	RP11-115M14.1	TUBB8P9
738	HNRNPLP2	AC100832.1	RP11-169K17.2	RP11-521C20.1	RP11-757A13.1
739	ABCA1	FCGR1B	RNA5SP233	OR7E117P	RP11-508N22.6
740	SNRNP48	DMKN	RP11-703I16.3	MIR1915	NOTUM
741	RP11-117N2.2	SNORD31	HCG4P3	CTB-5E10.3	AC006126.3
742	B3GNT9	OR5BK1P	WFDC12	PLEKHO1	RP11-488I4.2
743	RP11-472G21.2	RP11-15D14.1	ABCF1	RP11-1259L22.1	MTND2P15
744	LINC01104	KIAA1549L	RP11-666O2.1	AC008781.7	RPL7P10
745	RP11-746M1.8	RN7SL318P	HSD17B7P1	AC109631.1	MIR4732
746	RPL36AP40	RP11-94M14.2	FBXW11P1	LIPI	KLHDC4
747	RPS3AP17	RP11-1070N10.5	ATP6V0E1P4	B3GNT5	USP17L28
748	RNA5SP399	RP11-3N2.8	HMGN1P33	SYNPO2	EIF5A
749	RP11-708J19.1	TRGC2	RN7SL445P	ZNF346	RP3-455J7.3
750	FAM20A	LINC01429	NOVA1	RAB11AP1	RP11-402G3.5
751	KRT18P27	RP11-367G6.3	RPL29P32	AC068042.1	TNFRSF13B
752	CTD-2542C24.8	TNNT2	CTC-510F12.7	IGLJCOR18	MIR548B
753	AC016142.1	TBR1	SHISA4	EMX2	SMEK2
754	ADAP2	MIR7855	AMH	RP1-135L22.1	ZNF236
755	TMEM156	LINC01074	ENO2	RP1-197J16.2	MIR6845
756	ADIPOR1P2	SNORD52	CTD-3193K9.4	RP5-1160K1.8	TNFRSF1B
757	KRTAP1-5	AC011748.1	RN7SL652P	CCDC144CP	RP11-157B13.7
758	AC068042.1	LINC00547	TBCAP1	ADRA2B	RP11-481C4.1
759	WDR66	RN7SL65P	RP11-1152B5.1	HAPLN4	GS1-39E22.2
760	RP11-56P9.11	TRBV7-9	MCF2L	SEPT7P9	SPATA8
761	AC009474.1	MTRNR2L1	E2F6P3	IGHV3-66	AC092104.2
762	CTD-2194M22.1	RNA5SP69	JPX_1	RP11-433J8.1	RP11-28G8.1
763	ZNF48	RPL7P33	RP4-760C5.3	HIST1H1E	ISY1-RAB43
764	RP13-16H11.8	ARHGEF7-IT1	RP11-428G5.6	RP11-597A11.3	RNU5F-6P
765	GABARAPL2	RNU6-494P	TMEM127	ZHX3	RP5-1057J7.7
766	VN1R65P	FTO	AC006925.1	POM121L1P	VENTXP3
767	RP11-1415C14.4	RNU6-1176P	AGK	RPL21P136	AC105247.1
768	PLAUR	RP11-683L23.2	RP11-141J13.5	RP11-147L13.8	TRIM22
769	RP11-1007I13.2	AC068704.1	LA16c-444G7.1	MIR340	OR5AH1P
770	TFB2M	PIGW	IGLV1-50	TPTE2P3	MIR4460
771	RP11-453N3.7	RP11-292D4.4	BEX2	LINC01477	AC009237.5
772	HOXA11-AS1_2	MTND2P20	PPARD	AJ239322.3	RP11-907D1.2
773	CTB-39G8.3	RP5-1055C14.6	LIN7A	FIGNL1	RNU1-20P
774	AC073127.1	AC017076.1	RP11-563N12.2	RP11-143I21.1	NME3
775	RP11-1396O13.14	MIR433	INO80D	RN7SL580P	ROPN1L-AS1
776	CPEB3	TVP23CP1	RP11-739G5.1	EIF4EBP2P1	AC009052.12
777	USP29	LINC01291	RP11-478L17.1	AC092641.2	RP11-597D13.7
778	PRAMEF18	KRT39	CTD-2383M3.1	RP11-348H3.5	GOLGA4
779	PURG	MS4A6A	RP11-108M12.2	BRD2-IT1	RP11-114M5.1
780	RP11-156J23.1	PSG11	RP5-1051H14.2	YIPF5	KCTD3
781	RP5-1125A11.4	RP11-471J7.1	RP11-652G5.1	RP11-96K14.1	RP13-577H12.3
782	RP11-141J13.5	RP11-108B14.1	RPL7AL3	PRSS3P3	ID3
783	RP11-22N12.2	SNORA62	C9orf117	hsa-mir-4538	CNN2P10
784	SNORD116-23	RP4-669P10.16	MTND3P3	PXT1	RN7SL629P
785	ARVCF	BX284613.1	ZFYVE21	EVL	RP11-696D21.2
786	TLR6	HLA-K	GS1-388B5.2	RP5-1055C14.6	RP11-89K11.1
787	MIR23C	PECR	ENAH	RP5-857K21.4	TPMTP3
788	AC097721.2	RP5-1165K10.2	RP11-445O16.2	RP11-25O3.1	CTD-2021J15.1
789	RP1-193H18.3	TK1	SOD1P3	CDY9P	MC1R
790	NMD3P2	RP11-488I20.9	TMEM200B	MTND4P22	OR2AT2P
791	RP11-30P6.6	TBCC	RP1-149A16.16	PDCL3P7	LINC01444
792	HTR3B	LRRC37BP1	ADAM3B	CLIC4P3	RP1-142L7.9
793	MAGEB6	PRPF40A	PHF21A	SMEK2	RBBP8NL
794	CTD-2547L16.2	EIF4A1P5	RP11-157B13.7	CTC-498J12.3	TMED11P
795	RP11-106M3.2	GINM1	C1R	RP11-417J1.7	PPP1R9A
796	AC007365.1	RP11-452K20.1	RP11-331F9.3	CACNA1C-AS2	RN7SL397P
797	BRIX1	HOMER2	XPOT	AC074051.1	LINC00998
798	ZNF236	AC113133.2	RNU6-1161P	CATIP-AS1	RP11-36B6.1
799	LINC01153	CTC-360P9.1	ZFR	RP11-644F5.17	RP11-318C4.3
800	AASS	SNORD35A	MIR526A2	TBCC	AGTRAP
801	EIF4E	SSTR5-AS1	RP11-154J22.1	CTB-187L3.1	HSPA8P17
802	RP11-489D6.2	CYCSP20	CEACAM8	FNBP1P1	SAPCD1
803	CTC-451A6.5	VWA8-AS1	STK19B	SDHAF2	GAPDHP44
804	TPI1P1	LINC00648	RP11-373N22.3	RP11-443N24.2	KIF11
805	RP11-1029J19.2	LAMP1	PAPPA-AS2	RP11-83N9.5	RP11-739N20.3
806	MTND2P19	RBBP8NL	SPG20	METAP1D	RNU4-37P
807	MIR1825	CYCSP39	DEPDC5	LRRC37BP1	RP11-648K4.2
808	RP11-64I5.1	RP11-864N7.1	RP11-267M23.5	RNU6-1235P	RP11-15A1.8
809	RP11-386G21.2	AC008674.1	RARRES1	DPP10-AS3	NOTCH2
810	AGL	RP11-469N6.2	FNBP1P1	ZDHHC16	WDR86-AS1
811	RP11-416N4.1	ANKH	AC005391.2	SLC22A11	RP11-393K19.1
812	RP11-409I10.2	OR51A6P	TTTY25P	CTD-3105H18.11	RN7SL183P
813	RP11-354K1.1	H2AFB3	RP11-187C18.3	MIR214	RP11-387H17.6
814	PYGB	AL365331.2	MIR4692	RP11-930O11.2	PNRC2
815	PACSIN2	RP11-739N20.3	IGHV7-27	RNA5SP344	SLC17A8
816	ZNF649	AP003972.1	EIF4A1P5	RP11-315D13.1	MORC1
817	KIAA0125P2	OR7E121P	DEXI	EIF4EP5	DBF4
818	MIR6768	RP1-169P22.2	PGAM1P11	RP5-979D14.1	RP11-302K17.3
819	RP11-440I14.4	RP11-18D7.2	AC004543.2	NDUFA6-AS1	SOX5P
820	RP11-18H7.1	EEF1A1P37	RP11-609L23.1	TAF1L	RP4-669P10.19
821	KB-1205A7.1	SH2D2A	ALX1	TPPP3	LINC00587
822	STYXL1	RNA5SP148	HSPD1P14	AC006272.1	RP11-18I14.11
823	RP11-339F13.2	AC007050.18	DOT1L	CCDC132	RP11-102N11.1
824	RPL7AP2	AC003088.1	RP11-14K3.4	ETV7	RAB30
825	RPS10P16	LINC00388	KB-1460A1.1	LINC00424	AL591415.1
826	MIR4641	RP11-548M13.1	ZNF736P3Y	ALDH1L1	OR9A4
827	RP11-20L19.1	RP11-677O4.4	CPSF7	RPL23AP76	RP11-227G15.2
828	ELFN1	LDHAL6EP	DNAAF5	AC093166.4	CDC25C
829	RP11-41L14.1	AC017002.1	PPP1R42	AC090774.2	EDEM3
830	DGKQ	RP13-238N7.2	PMCHL1	AC012499.1	RP11-775C24.5
831	C7orf57	RP3-337H4.8	OR51A6P	RP1-232P20.1	AL357095.1
832	MYL8P	RP11-195B3.1	RP11-115H18.1	ARPC2	TEX41
833	IL36B	RNU6-755P	CTD-2001E22.1	HIST1H2BJ	METTL21AP1
834	RP11-435O5.7	RP4-753P9.3	RN7SKP224	RP11-211A18.2	MTTP
835	RP11-218E20.3	LINC00410	AP000350.7	RP11-266L9.1	LINC00538
836	TAF1L	FAM107B	MIR6840	AC116609.3	RP11-255M2.3
837	RMST	CCR12P	MIR7706	ZNF582	RP11-739P1.2
838	RNU6-522P	RP11-715G15.1	ENPP7P10	RNA5SP28	ACAN
839	RP5-866L20.1	GTF2B	MTND2P31	LINC01412	PTCHD3P2
840	CTSG	TRIAP1	CTD-2194D22.2	SOX10	SLC22A20
841	RP1-203P18.1	RPL21P109	OR7A1P	TTTY21B	RP11-96C23.9
842	RN7SL144P	RP11-10F11.3	EPC2	PTPRB	RP3-433F14.4
843	EFS	RP11-179B15.6	RP4-647J21.1	RPL27A	ELMSAN1
844	NWD1	AC007880.1	RAPGEF5	LDHAL6EP	RPS15A
845	RP11-240B13.2	RSL24D1P9	CCDC26	CTA-797E19.2	RP11-16B13.1
846	SMYD2	PGLYRP2	PNRC2	DUTP7	RNU7-154P
847	CD300LD	MXRA8	MEPCE	RP11-725D20.1	SNAP25-AS1
848	RP4-560B9.4	RP11-49G2.3	TCF7	RNA5SP481	RP11-719N22.1
849	RP11-20B24.3	CTD-2296D1.5	PSMA6P4	RPS3AP26	LRRC74A
850	RNU7-28P	ZNF793-AS1	RP11-1109M24.12	IGHV3-64	MIRLET7A2
851	MIR4472-1	RAB35	MIR3164	RP11-1105G2.4	SPATA32
852	RP11-89K18.1	AC011591.1	MIR429	RN7SL346P	ARIH2OS
853	CTB-152G17.6	IQGAP2	RP11-25C19.3	CCR12P	RP5-827E24.1
854	MIR491	RN7SL666P	RP11-168K11.3	MIPEP	AC007229.3
855	CTD-2369P2.8	RNU1-77P	MIR183	CTB-147N14.4	AC011648.1
856	NOL4	RP11-719N22.1	RP3-332B22.1	AC010761.8	RP11-475B2.1
857	RNU6-162P	AC006988.1	RP11-278J6.5	AC068831.3	Z95116.1
858	OPTC	RNU6-462P	AL359091.1	AC074391.2	RP11-53I6.2
859	MOSPD3	SEC11C	RPS12P31	CAP2P1	CYP4F25P
860	RP11-66H6.4	CH507-236L23.5	RP11-395B20.1	KCNE3	AC244258.1
861	NOMO2	RP11-761B3.1	ECEL1P1	AC023481.1	FP236383.2
862	POLR3KP1	IMPG1	MIR1269B	GTF2F2P1	DSP
863	NOTO	AC104076.3	ZNF702P	USP12PY	CSTF2
864	THEM5	SPAG1	RP11-684B20.1	RNU6-252P	RHOXF2B
865	CBWD3	RNU2-36P	FAM83H	AC006988.1	GXYLT1P5
866	CTA-384D8.36	RP11-28F1.2	RP11-624G17.3	ANKRD20A3	MTND6P16
867	FKBP4	AC092038.1	IGLL5	RP11-733D4.2	CXCL9
868	RP3-425P12.5	RP11-136G2.1	RP11-265N7.1	CALHM3	MTOR-AS1
869	AC007365.4	RP11-546J1.1	AC100756.1	RFWD3	RBMY1F
870	FXYD6P1	NHP2L1	CASC2	RP11-221N13.3	CTB-54O9.9
871	RP11-123O10.4	RNU6-644P	ZNF20	CTAGE16P	SBK3
872	RP11-321E2.10	CCR8	RSAD2	AC108105.1	RP11-793H4.1
873	NKG7	RFX5	CDK16	RP11-2C24.7	HIPK3
874	RP11-730N24.1	DPY19L1P2	RIPK4	FAM53B	MIOX
875	CTD-3185P2.1	RP11-705C15.5	RP11-714M23.2	ANGPT1	RP11-860B13.3
876	KRT18P45	RP11-143G3.1	RNU7-170P	RP4-781K5.2	MEF2BNB-MEF2B
877	RNA5SP251	SNRK-AS1	IGHD3-3	AC019185.3	RNU6ATAC8P
878	RASAL2	ZFP36	MIR617	TRIO	MRPS28
879	RNU7-154P	RP11-449J1.1	MIR3613	SMARCC1	TNRC18P2
880	OR5M10	MAGEA9B	RP11-28F1.2	TMEM251	RP11-302F12.3
881	PSMA5	GPR135	RP11-265P11.1	RP11-146E13.8	OR9L1P
882	TOPBP1	DPPA5	CTC-311G1.1	MTND3P5	RPS28P8
883	AC022142.1	DPYD	HIATL1	DSP	RP13-7D7.1
884	LINC00670	MIR933	RPS26P15	RP11-432I5.4	CAPRIN2
885	RP11-328P23.3	ACYP1	VN1R93P	RP4-559A3.6	RP11-274J7.3
886	PGA4	FBXO3-AS1	LRP3	OR1H1P	NCF2
887	WWC2	RP11-286O1.1	DEFA8P	RNA5SP109	SERPINB9
888	RP11-47I22.4	RP11-274E6.1	RP11-1028N23.3	SNRK-AS1	IRS2
889	RP11-254A17.1	DNAJC15	AC093627.12	FAM120B	KIAA1919
890	ZNF663P	RP11-841C19.1	TNP1	RP11-79M19.2	RP11-243M5.1
891	MIR345	MEN1	AP000479.1	AC034220.3	LINC00598
892	HNRNPA1P66	EEF1GP4	RP11-300J18.2	RNA5SP166	HTT-AS1_2
893	SRRM1P3	GFRAL	RPP30	DAB2IP	RP11-781P14.3
894	AC018495.3	RP3-403L10.3	RPL36AP48	SOAT1	RP11-13J8.1
895	ALDH3A2	LRTOMT	MIOX	RN7SL130P	FAM35A
896	FAM153B	DOK5	RP11-539E17.3	HSP90AB2P	CYP21A2
897	C16orf62	RP13-726E6.2	RP11-77K12.8	RP5-1069C8.2	RP11-457M11.7
898	RP11-392E22.11	RP11-264B17.2	CACNA1H	TSFM	IMP3
899	LNX2	ZSWIM1	PPIL2	RP11-541N10.3	AC005616.2
900	DSCR10	RP11-656D10.5	RP11-274E6.1	SLC17A1	RP11-433C9.2
901	CTD-2050B12.1	RP11-254I22.3	RP11-262A16.1	XX-C283C717.1	PLA2G12AP1
902	RP11-74J13.9	AC068580.7	MDFIC	RP11-959I15.4	RNA5SP118
903	LINC00205	RNU6-451P	RP13-926M18.1	DLGAP4-AS1	RNA5SP305
904	ZNF890P	FAM134A	RP4-706G24.1	NEK2P2	FAM134A
905	CHRAC1	AC007486.1	RP11-256I23.1	DMRT2	BCRP5
906	RP11-369C8.1	SPATA41	AC005387.3	RP11-543H23.1	RPL21P112
907	MKKS	RPL6P5	RP11-6B19.3	AP003774.1	TRBV5-1
908	CELSR2	RP11-1113L8.6	RP3-467K16.4	CYP4F27P	MIR4799
909	RP11-278C7.5	AC092614.2	XXbac-B444P24.14	RP11-597M17.3	AC074019.1
910	CLEC2D	AC079354.3	RP11-85E16.1	KRT2	RNU6ATAC3P
911	RNA5SP34	DPYSL5	RNASEH2C	RP11-86H7.6	MBD3
912	AP001057.1	PTTG1	TRAV17	RP11-162P23.2	RP11-459E5.1
913	MDFIC	MNAT1	RNU6-1164P	AC003973.3	AP001258.5
914	POU2F2	CTD-2206N4.5	TERF1	FOXP1-IT1	NUF2
915	WDR45B	RP11-1379J22.7	FRRS1	AP000462.2	COX6CP12
916	SAE1	SNORD62	NAP1L1P3	RP11-267M23.4	CTD-3233P19.7
917	RNU6-465P	MUS81	LINC00301	TXLNA	MT-ND4
918	RP11-49K24.5	AC010547.9	RP11-10C24.3	KRT18P47	RP11-420K14.3
919	RP11-856M7.4	RNU6-888P	RNU1-88P	RNU6-526P	HDAC1P2
920	MIR135A1	MGC45922	CTD-3076O17.2	RP11-182J1.10	LMBR1L
921	RP11-576N17.2	PRICKLE3	CNNM3	AL593848.2	RPL26P30
922	AC002429.5	AP001469.9	AC074019.1	PGBD4P6	TEFM
923	RNU6-208P	FAM24B	EGFLAM-AS2	DDO	RP3-455H14.1
924	CTA-212A2.4	BMPR1B-AS1	RP1-228H13.1	APOOP3	RP11-956J14.1
925	KRT2	RP11-783K16.14	AC011524.1	CTD-2555I5.1	SYDE1
926	GAPDHP26	SNORD21	FBXO2	MIR185	SPON1
927	NCAPD2P1	RNA5SP395	GPR97	RARSP1	AC104837.1
928	MIR3939	PTMA	RNA5SP453	CEP85L	AC009960.2
929	L29074.3	AL593844.1	VIM-AS1	CTD-3131K8.1	RP11-279O9.4
930	OR5H6	LL22NC03-121E8.4	PRKXP1	OR8A3P	RP11-1085N6.5
931	EEF1A1P11	RP11-434C1.4	RPL3	CTC-277H1.6	CTC-479C5.12
932	RNU6-456P	RP11-457D2.3	RN7SL753P	OSTCP6	RP11-5N11.6
933	AKAP7	RP5-1028L10.2	KRT18P68	TMSB10	EIF2S2P4
934	RNA5SP366	RP11-515E23.1	AC008984.2	SNORD110	AC005288.1
935	SHROOM3	CCDC124	PSG1	SOX3	CTC-455F18.1
936	RNU6-1130P	RP11-684N3.1	WHAMMP2	AL732375.5	CTC-338M12.5
937	RP5-1024G6.9	RN7SKP239	KB-1410C5.3	AC004824.2	PLCL1
938	RP3-455H14.1	SIGLECL1	RP11-91J3.1	DHCR24	RASAL3
939	PREPL	TATDN1	RNU6-652P	AL034418.1	RP11-467L19.16
940	STX10	MILR1	KCNH2	LINC01080	AC017081.1
941	AC025750.5	FGF14-AS2	MED29	RN7SKP239	FILIP1L
942	MIR3976	CTD-2542C24.9	CENPH	SNORA64	RP11-676J12.9
943	AL158154.1	ADORA2BP1	AC142472.6	RP3-522P13.2	RNVU1-18
944	PLEKHM3	RP11-716O23.1	CREM	RP5-1033E15.3	AL160269.1
945	ENTHD2	BCL2L2	AL589736.1	MIR1286	MIR6087
946	OR5K1	RP11-478J18.2	CTA-313A17.3	VSIG10L	MTND6P12
947	RP11-430L17.1	AKTIP	KRR1P1	C8orf22	FOXG1
948	CTD-3118D11.3	RP11-17A19.2	ATP5F1P2	RP11-1378G18.1	RP11-429P3.2
949	RNU7-167P	RP5-1096D14.3	MIR744	LINC01125	EFTUD2
950	CFH	RP2	ATP5J2P6	SMAD5-AS1_2	MIR630
951	HIST1H3D	DPH2	LINC00493	RP11-440E5.1	PRDX2
952	RP3-492P14.2	AC139453.1	ENTHD2	SLC52A1	AC006153.3
953	RP11-643A5.3	BRI3	LZTS1	RP11-566K11.5	C1orf106
954	RP11-977G19.11	MED28P6	BLOC1S2P1	OR14A16	FIP1L1
955	MIR6130	DEDD	CTB-32O4.3	TTC3P1	CTD-2583A14.10
956	PYHIN1	MIEF2	MIR6087	CCDC62	RCN3
957	MIR4516	RNU4-57P	OR7K1P	MID2	RP11-48B3.5
958	MIR4444-2	RP1-152L7.9	RPS9P1	OR4A44P	RP11-80I15.1
959	SNORA5	RP11-459D20.1	CTD-2342N23.1	RNU4-57P	AC010149.4
960	BNIP3P29	SLC2A4RG	SRIP2	CTD-3141N22.1	SUMO2P13
961	TBCCD1	RP1-56K13.3	RP11-479O17.10	IGLC2	SH3RF3-AS1
962	GTF3AP2	RP11-536C10.5	FOXG1	KRT77	ERP27
963	CPSF4	COL26A1	RP11-43N5.2	MRPL54	FASN
964	AC245036.4	RP11-2G17.1	AC007557.4	RP11-194N12.2	ATP6V0CP3
965	RP11-535N6.2	ATP6V0CP3	RP11-1C8.7	RNA5SP293	AC006355.3
966	RP11-711D18.2	AC007381.3	RP11-725G5.3	AC006355.3	RP11-475A13.1
967	AC010149.4	RNU6-823P	MRC1	RNU6-477P	TMPRSS11A
968	RP11-244F12.1	PSMA8	WDR45BP1	AC091633.3	RP11-9G10.1
969	RP13-585F24.1	CLDN1	AC006153.3	RP11-298D21.3	TSEN15P1
970	RN7SL612P	RP11-348J24.2	RP11-770J1.7	C15orf65	AC005487.2
971	TSEN15P1	RP11-613C6.2	RNU6-1339P	CYP4F33P	AC024995.1
972	RN7SL180P	CTA-520D8.2	AC005625.1	ISCA1P3	SS18L2
973	RP11-802O23.4	CH17-80A12.1	IGKV2OR22-3	RPL7P55	RP11-573G6.8
974	EIF3M	DGCR6	MIEF2	C20orf96	PCDH8
975	HSPA6	TCEB1P14	APOL5	RNU6-1223P	WDFY3-AS1
976	LLPHP2	SLC6A11	RP1-48J14.1	CCNG2	RP11-728F11.3
977	C8orf44-SGK3	LL22NC03-86G7.1	RP11-112N13.1	YBX2	LINC01016
978	GDNF-AS1	RP11-161H23.10	MIR887	DNAJC19	MIR641
979	RN7SL810P	NPTN	USP28	SETP10	RP1-290I10.5
980	FAM157A	RP11-254F19.4	RP11-972P1.11	AL512384.1	RP4-714D9.4
981	RN7SL213P	AC119751.3	RP11-641D5.2	RP11-1102P22.2	GUCY2EP
982	ANTXR2	RP11-426C22.4	RP11-348J24.2	INTS9	RP11-428O23.1
983	CYP2R1	RP11-578O24.2	MIR504	RP1-249C1.1	CTD-2151A2.1
984	MIR514B	RP11-26C10.1	TMEM147-AS1	PALMD	GIT2
985	AL138999.1	ROBO2P1	PCDH8	CCDC158	PLCE1-AS1
986	BAI2	TRBV27	GAPDHP37	CFAP36	RNA5SP473
987	FAM47B	AC006480.1	ISCA1P3	DIRAS2	DEPDC1-AS1
988	RPL9P33	TRY2P	RP11-495K9.3	GOLGA6L4	RP11-364B6.1
989	MIR6862-1	RP11-632F7.3	DNA2	UNC13D	RP11-250B2.5
990	C5orf56	NOS1	RP13-379L11.3	RP11-662I13.3	RP11-332H18.7
991	RNU4-7P	MIR3649	RP11-417B4.3	RP11-447E20.1	CTSLP4
992	RP11-684B2.3	AC009237.17	IGSF21	AL357075.1	RPL6P8
993	RP11-185B14.1	SNORD7	RP11-409K15.1	RP11-372K14.2	RNA5SP501
994	AC090286.4	AHCYL1	PTPN20CP	HAS1	CTD-2369P2.4
995	RP11-536P16.5	RP11-1006G14.1	RP1-71H19.2	RP11-444J21.2	TAS2R6P
996	C8orf33	PRDX4P1	RFPL1	RP11-882I15.1	RP11-629O4.1
997	AC009967.3	RP11-986G18.2	AC008268.1	COX6A2	AC108044.1
998	SLX1A	SLC9A3	ST13P10	UBA52P3	RP11-462L8.1
999	RNU6-772P	RP1-122K4.2	ZNF418	ACVR2B-AS1	MIR3190
